user,nemo,wx,snow,us,nyc,travel,boston,nywx,emcomm,mawx,ma,snowstorm,ny,traffic,ct,njwx,mastorm,emergency,storm
vanessabbyx0,0,0,1,0,0,0,0,0,0,0,0,0,0,0,0,0,0,0,0
0rland0g0nzal3z,0,0,1,0,0,0,0,0,0,0,0,0,0,0,1,0,0,0,0
nema,1,0,0,0,0,0,0,0,0,0,0,0,0,0,0,0,0,0,0
NicholasTeto,0,0,0,0,0,0,1,0,0,0,0,0,1,0,0,0,0,0,0
VMMUpdates,0,0,0,0,0,0,0,0,0,0,0,0,1,0,0,0,0,0,0
CiNet3,2,0,0,0,0,0,0,0,0,0,0,0,0,0,0,0,0,0,0
Elderjimmyhill,0,0,0,0,0,0,1,0,0,0,0,0,0,0,0,0,0,0,0
ALVESJAMES17,0,0,0,0,0,0,1,0,0,0,0,0,0,0,0,0,0,0,0
Frekky,0,0,0,0,0,0,1,0,0,0,0,0,0,0,0,0,0,0,0
ConciergeBoston,0,0,0,0,0,0,1,0,0,0,0,0,0,0,0,0,0,0,0
Daniella_jp,0,0,0,0,0,0,1,0,0,0,0,0,0,0,0,0,0,0,0
stacos,0,0,0,0,0,0,1,0,0,0,0,0,0,0,0,0,0,0,0
nickgrossman,0,0,0,0,1,0,0,0,0,0,0,0,0,0,0,0,0,0,0
rwithall,0,0,0,2,0,0,0,0,0,0,0,0,0,0,0,0,0,0,0
hebsgaard,0,0,0,2,0,0,0,0,0,0,0,0,0,0,0,0,0,0,0
FutureGovMag,0,0,0,2,0,0,0,0,0,0,0,0,0,0,0,0,0,0,0
kiattacollazo,0,1,0,0,0,0,0,0,0,0,0,0,0,0,0,0,0,0,0
taylormelsx0,0,1,0,0,0,0,0,0,0,0,0,0,0,0,0,0,0,0,0
kc8ysl_wx,0,708,0,0,0,0,0,0,0,0,0,0,0,0,0,0,0,0,0
kc8ysl,0,693,0,0,0,0,0,0,0,0,0,0,0,0,0,0,0,0,0
jimmartin29,0,42,0,0,0,0,0,0,0,0,0,0,0,0,0,0,0,0,0
totallytucson,0,1,0,0,0,0,0,0,0,0,0,0,0,0,0,0,0,0,0
stormwatch57,0,338,0,0,0,0,0,0,0,0,0,0,0,0,0,0,0,0,0
OCCUPYCARLISLE,0,65,0,0,2,0,0,0,0,0,0,0,0,0,0,0,0,0,0
ladyallein1,0,70,0,0,2,0,0,0,0,0,0,0,0,0,0,0,0,0,0
emergencydotcom,0,84,0,0,0,0,0,0,0,0,0,0,0,0,0,0,0,0,0
Info4Alerts,0,224,0,0,5,0,2,0,0,0,0,0,0,0,0,0,0,0,0
PlanoWX,0,110,0,0,0,0,0,0,0,0,0,0,0,0,0,0,0,0,0
Donaldverger,0,7,0,0,0,0,0,0,0,0,0,0,1,0,0,0,0,0,1
CarolinaWx,0,100,0,0,0,0,0,0,0,0,0,0,0,0,0,0,0,0,0
vawxwarning,0,179,0,0,0,0,0,0,0,0,0,0,0,0,0,0,0,0,0
ALANaid,0,2,0,0,0,0,0,0,0,0,0,0,0,0,0,0,0,0,0
SunCityWestFire,0,1,0,0,0,0,0,0,0,0,0,0,0,0,0,0,0,0,0
GailGabrielle,0,5,0,0,0,0,0,0,0,0,0,0,0,0,0,0,0,0,0
Goatys_News,126,210,22,192,18,16,8,18,12,12,13,0,10,18,6,10,6,2,2
mesodiscussions,0,42,0,0,0,0,0,0,0,0,0,0,0,0,0,0,0,0,0
TOMFOTY,0,1,0,0,0,0,0,0,0,0,0,0,0,0,0,0,0,0,0
abc15,0,1,0,0,0,0,0,0,0,0,0,0,0,0,0,0,0,0,0
Ryan_Wichman,0,9,2,0,0,0,0,0,0,0,0,0,0,0,0,0,0,0,0
SherryAndrusiak,0,1,0,0,0,0,0,0,0,0,0,0,0,0,0,0,0,0,0
stratustatus,0,8,0,0,0,0,0,0,0,0,0,0,0,0,0,0,0,0,0
Clagett,0,2,0,0,0,0,0,0,0,0,0,0,0,0,0,0,0,0,0
chuckles_13,0,1,0,0,0,0,0,0,0,0,0,0,0,0,0,0,0,0,0
dalypj,0,1,0,0,0,0,0,0,0,0,0,0,0,0,0,0,0,0,0
ega1,0,2,0,0,0,0,0,0,0,0,0,0,0,0,0,0,0,0,0
MaryJoFly,0,5,0,0,0,0,0,0,0,0,0,0,0,0,0,0,0,0,0
yonkersoem40,2,17,0,0,2,0,2,4,0,0,2,1,1,0,2,1,2,0,0
anon1101101,0,4,0,0,0,0,0,0,0,0,0,0,0,0,0,0,0,0,0
AviationandWX,0,2,0,0,0,0,0,0,0,0,0,0,0,0,0,0,0,0,0
AircrewBuzz,2,30,0,0,0,2,0,0,0,2,0,0,0,0,0,0,0,0,0
TheRealPagel,0,2,0,0,0,0,0,0,0,0,0,0,0,0,0,0,0,0,0
daisymcgarr,0,2,0,0,0,0,0,0,0,0,0,0,0,0,0,0,0,0,0
National_WX,0,39,0,0,0,0,0,0,0,0,0,0,0,0,0,0,0,0,0
etsujb,0,2,0,0,0,0,0,0,0,0,0,0,0,0,0,0,0,0,0
AreWeMarried,0,2,0,0,0,0,0,0,0,0,0,0,0,0,0,0,0,0,0
wnywxguy,0,16,2,0,0,0,0,0,0,0,0,0,0,0,0,0,0,0,0
AndreaFine,0,2,0,0,0,0,0,0,0,0,0,0,0,0,0,0,0,0,0
ReadyBroward,0,3,0,0,0,0,0,0,0,0,0,0,0,0,0,0,0,0,0
AZbeetlebug,6,6,0,0,0,0,0,0,0,0,0,0,0,0,0,0,0,0,0
JosephSapia,0,2,0,0,0,0,0,0,0,0,0,0,0,0,0,0,0,0,0
oshma,0,2,0,0,0,0,0,0,0,0,0,0,0,0,0,0,0,0,0
KatPowers,0,2,0,0,0,0,0,0,0,0,0,0,0,0,0,0,0,0,0
CatherineNBarde,0,2,0,0,0,0,0,0,0,0,0,0,0,0,0,0,0,0,0
MrMarkDPotter,2,2,0,0,0,0,0,0,0,0,0,0,0,0,0,0,0,0,0
adcunningham,2,2,0,0,0,0,0,0,0,0,0,0,0,0,0,0,0,0,0
io_saturnalia,0,4,0,0,0,0,0,0,0,0,0,0,0,0,0,0,0,0,0
TomZarecki,8,14,0,0,0,0,0,0,0,0,2,0,0,0,4,0,0,0,0
FOX10Weather,0,15,0,0,0,0,0,0,0,0,0,0,0,0,0,0,0,0,0
gagnier,2,2,0,0,0,0,0,0,0,0,0,0,0,0,0,0,0,0,0
gamallp,2,2,0,0,0,0,0,0,0,0,0,0,0,0,0,0,0,0,0
digiphile,2,2,0,0,0,0,0,0,0,0,0,0,0,0,0,0,0,0,0
ePirate,0,2,0,0,0,0,0,0,0,0,0,0,0,0,0,0,0,0,0
RiadTwal,0,2,0,0,0,0,0,0,0,0,0,0,0,0,0,0,0,0,0
AnaheimExpress1,0,2,0,0,0,0,0,0,0,0,0,0,0,0,0,0,0,0,0
Cait_Rowe,0,14,0,0,0,0,0,0,0,0,0,0,0,0,0,0,0,0,0
UnityInDisaster,0,2,0,0,0,0,0,0,0,0,0,0,0,0,0,0,0,0,0
iCareAware,2,4,0,0,0,0,0,0,0,0,0,0,0,0,0,0,0,0,2
krobertory,0,2,0,0,0,0,0,0,0,0,0,0,0,0,0,0,0,0,0
the_dp,0,2,0,0,0,0,0,0,0,0,0,0,0,0,0,0,0,0,0
mainehorses,2,2,0,0,0,0,0,0,0,0,0,0,0,0,0,0,0,0,0
slines,0,6,0,0,0,0,0,0,0,0,0,0,0,0,0,0,0,0,0
TheClayCrusher,0,2,2,0,0,0,0,0,0,0,0,0,0,0,0,0,0,0,0
KoHoSo,0,10,0,0,0,0,0,0,0,0,0,0,0,0,0,0,0,0,0
diggs808,0,1,0,0,0,0,0,0,0,0,0,0,0,0,0,0,0,0,0
barometrbrandon,0,1,1,0,0,0,0,1,0,1,0,0,0,0,0,0,0,0,0
NoWarNow2011,0,4,0,0,0,0,0,0,0,0,0,0,0,0,0,0,0,0,0
badjerry,0,1,0,1,0,0,0,0,0,0,0,0,0,0,0,0,0,0,0
CNNCNY,0,8,0,0,0,0,0,2,0,0,0,0,0,0,0,0,0,0,0
brunota2003,0,2,0,0,0,0,0,0,0,0,0,0,0,0,0,0,0,0,0
RheaMaloney25,0,4,0,0,0,0,0,0,0,0,0,0,0,0,0,0,0,0,0
bd560_1988,0,6,2,0,0,0,0,0,0,0,0,0,0,0,0,0,0,0,0
beltonmichael,0,11,0,0,0,0,0,0,0,0,0,0,0,0,0,0,0,0,0
SaludHEALTHinfo,0,2,0,0,0,0,0,0,0,0,0,0,0,0,0,0,0,0,0
jwilliamsCDN,2,2,0,0,0,0,0,0,0,0,0,0,0,0,0,0,0,0,0
WickedPulling,2,4,0,0,0,0,0,0,0,0,0,0,0,0,0,0,0,0,0
Randirobics,0,2,0,0,0,0,0,1,0,0,0,0,1,0,0,0,0,0,0
DarrellRuby,0,2,0,0,0,0,0,0,0,0,0,0,0,0,0,0,0,0,0
Always1PAO,0,2,0,0,0,0,0,0,0,0,0,0,0,0,0,0,0,0,0
mjuszczak,4,4,0,0,0,0,4,0,0,0,0,0,0,0,0,0,0,0,0
Wenders099,0,2,0,0,0,0,0,0,0,0,0,0,0,0,0,0,0,0,0
Citizen_Corps,0,6,0,0,0,0,0,0,0,0,0,0,0,0,0,0,0,0,0
ShiverMyDear,0,2,0,0,0,0,0,0,0,0,0,0,0,0,0,0,0,0,0
HumanityRoad,0,3,0,0,2,0,0,0,0,0,0,0,0,0,0,0,0,0,0
sahnetaeter,0,1,0,0,0,0,0,0,0,0,0,0,0,0,0,0,0,0,0
1Biganimal,0,2,0,0,0,0,0,0,0,0,0,0,0,0,0,0,0,0,0
Mixta_la,0,1,0,0,0,0,0,0,0,0,0,0,0,0,0,0,0,0,0
Jeannie_Hartley,0,24,0,0,2,0,0,0,0,0,0,0,0,0,0,0,0,0,0
SouthernFlorida,0,2,0,0,0,0,0,0,0,0,0,0,0,0,0,0,0,0,0
Underaflower,0,6,0,0,2,0,0,0,0,0,0,0,0,0,0,0,0,0,0
NeighborhoodFP,0,2,0,0,0,0,0,0,0,0,0,0,0,0,0,0,0,0,0
slackadjuster,0,2,0,0,0,0,0,0,0,0,0,0,0,0,0,0,0,0,0
michaelevs,0,2,0,0,0,0,0,0,0,0,0,0,0,0,0,0,0,0,0
JaimieMurdock,0,2,0,0,0,0,0,0,0,0,0,0,0,0,0,0,0,0,0
n3rdpower,0,2,0,0,0,0,0,0,0,0,0,0,0,0,0,0,0,0,0
pjoharajr,0,2,0,0,0,0,0,0,0,0,0,0,0,0,0,0,0,0,0
femaregion8,0,12,0,0,0,0,0,0,0,0,0,0,0,0,0,0,0,0,0
christinakr,0,18,0,0,2,0,0,0,0,0,0,0,0,0,0,0,0,0,0
chasethetwister,0,2,0,0,0,0,0,0,0,0,0,0,0,0,0,0,0,0,0
ShurRelle409,0,2,0,0,0,0,0,0,0,0,0,0,0,0,0,0,0,0,0
wheeliesmom,2,4,2,0,0,0,0,0,0,0,0,0,0,0,0,0,0,0,0
KAL301,0,2,0,0,0,0,0,0,0,0,0,0,0,0,0,0,0,0,0
NMerianosWX,0,2,0,0,0,0,0,0,0,0,2,0,0,0,0,0,0,0,0
jhickey62,4,4,0,0,0,0,0,0,0,0,0,0,0,0,0,0,0,0,0
CopaDave,0,2,0,0,0,0,0,0,0,0,0,0,0,0,0,0,0,0,0
boston_winning,0,2,0,0,0,0,0,0,0,0,0,0,0,0,0,0,0,0,0
CohassetBOH,0,2,0,0,0,0,0,0,0,0,0,0,0,0,0,0,0,0,0
JCStormChaser_,0,10,0,0,0,0,0,0,0,0,0,0,0,0,0,0,0,0,0
karlii_,0,1,0,0,0,0,0,0,0,0,0,0,0,0,0,0,0,0,0
msofia7,0,1,0,0,0,0,0,0,0,0,0,0,0,0,0,0,0,0,0
ladyotomoofsaka,0,6,0,0,0,0,0,0,0,0,0,0,0,0,0,0,0,0,0
DennisBohannon,0,1,0,0,0,0,0,0,0,0,0,0,0,0,0,0,0,0,0
BigBear_Lake,0,1,0,0,0,0,0,0,0,0,0,0,0,0,0,0,0,0,0
NWSHanford,0,5,0,0,0,0,0,0,0,0,0,0,0,0,0,0,0,0,0
jkielyjr,2,2,0,0,0,0,0,0,0,0,2,0,0,0,0,0,0,0,0
G7IGB,0,6,0,0,0,0,0,0,0,0,0,0,0,0,0,0,0,0,0
ChrisHolcomb,0,8,0,0,0,0,0,0,0,0,0,0,0,0,0,0,0,0,0
krmsradio,0,23,0,0,0,0,0,0,0,0,0,0,0,0,0,0,0,0,0
935rocksthelake,0,23,0,0,0,0,0,0,0,0,0,0,0,0,0,0,0,0,0
jku_jeep,2,12,12,2,0,0,0,0,0,0,0,0,0,0,0,0,0,0,0
alwarren56,0,2,0,0,0,0,0,0,0,0,0,0,0,0,0,0,0,0,0
rightnowio_feed,24,22,22,0,0,0,22,0,0,22,0,0,0,0,0,0,0,0,0
SidneyRossTerry,0,6,0,0,0,0,0,0,0,0,0,0,0,0,0,0,0,0,0
XLBernardo3,0,1,0,0,0,0,0,0,0,0,0,0,0,0,0,0,0,0,0
fatfoxcoon,0,1,0,0,0,0,0,0,0,0,0,0,0,0,0,0,0,0,0
Marissa_Scott,0,1,0,0,0,0,0,0,0,0,0,0,0,0,0,0,0,0,0
ElkeeS,0,2,0,0,0,0,0,0,0,0,0,0,0,0,0,0,0,0,0
ElinSilveous,0,2,0,0,0,0,0,0,0,0,0,0,0,0,0,0,0,0,0
WirelessFdn,0,2,0,0,0,0,0,0,0,0,0,0,0,0,0,0,0,0,0
MurphyPalmer,0,2,0,0,0,0,0,0,0,0,0,0,0,0,0,0,0,0,0
DaveN7FAN,0,4,0,0,0,0,0,0,0,0,0,0,0,0,0,0,0,0,0
alangomez,0,2,0,0,0,0,0,0,0,0,0,0,0,0,0,0,0,0,0
HealthyNJ_UMDNJ,0,4,2,0,0,0,0,0,0,0,0,0,0,0,0,0,0,0,0
KelliMerritz,0,2,0,0,1,0,0,0,0,0,0,1,0,0,0,0,0,0,0
CraigatFEMA,0,2,0,0,0,0,0,0,0,0,0,0,0,0,0,0,0,0,0
yellowbird73,2,2,0,0,0,0,0,0,0,0,0,0,0,0,0,0,0,0,0
PARKERzack,0,14,2,0,0,0,0,0,0,0,0,0,0,0,0,0,0,0,0
RegionalCntrOC,0,2,0,0,0,0,0,0,0,0,0,0,0,0,0,0,0,0,0
RoyAtkinson,2,4,0,0,0,0,0,0,0,0,0,0,0,0,0,0,0,0,0
ESUSMX,2,2,0,0,0,0,0,0,0,0,0,0,0,0,0,0,0,0,0
cinbee,3,4,0,3,0,0,0,0,0,0,0,0,0,0,0,0,0,0,0
BoKnowsWeather,0,2,0,0,0,0,0,0,0,0,0,0,0,0,0,0,0,0,0
zanefred,0,2,0,0,0,0,0,0,0,0,0,0,0,0,0,0,0,0,0
StuartClark,0,2,0,0,0,0,0,0,0,0,0,0,0,0,0,0,0,0,0
OC_Scotty,0,2,0,0,0,0,0,0,0,0,0,0,0,0,0,0,0,0,0
machine906,2,2,0,0,0,0,0,0,0,0,0,0,0,0,0,0,0,0,0
KCIAirport,0,2,2,0,0,0,0,0,0,0,0,0,0,0,0,0,0,0,0
deeboochi,0,2,0,0,0,2,0,0,0,0,0,0,0,0,0,0,0,0,0
Webbie0119,0,2,0,0,0,0,0,0,0,0,0,0,0,0,0,0,0,0,0
sandytraub,0,2,0,0,0,0,0,0,0,0,0,0,0,0,0,0,0,0,2
Farmerbright,0,2,0,0,0,0,0,0,0,0,0,0,0,0,0,0,0,0,0
hagen_dental,0,2,0,0,0,0,0,0,0,0,0,0,0,0,0,0,0,0,0
zooey02,0,2,0,0,0,0,0,0,0,0,0,0,0,0,0,0,0,0,0
ClementePatch,0,2,0,0,0,0,0,0,0,0,0,0,0,0,0,0,0,0,0
ReadyOC,0,4,0,0,0,0,0,0,0,0,0,0,0,0,0,0,0,0,0
carterbees,0,2,0,0,0,0,0,0,0,0,0,0,0,0,0,0,0,0,0
BrightStarOCnSD,0,2,0,0,0,0,0,0,0,0,0,0,0,0,0,0,0,0,0
JeremyGlobalTV,0,2,0,0,0,0,0,0,0,0,0,0,0,0,0,0,0,0,0
MARIBELMER,0,2,2,0,0,0,0,0,0,0,0,0,0,0,0,0,0,0,0
ChristopherBLV,0,2,2,0,0,0,0,0,0,0,0,0,0,0,0,0,0,0,0
durumcrustulum,2,2,0,0,0,0,2,0,0,0,0,0,0,0,0,0,0,0,0
YWAMboston,0,2,0,0,0,0,0,0,0,0,0,0,0,0,0,0,0,0,0
jess_mccrae,0,2,0,0,0,0,0,0,0,0,0,0,0,0,0,0,0,0,0
drewtheprinter,0,2,0,0,0,0,0,0,0,0,0,0,0,0,0,0,0,0,0
SouthMBWeather,0,2,0,0,0,0,0,0,0,0,0,0,0,0,0,0,0,0,0
thetulsan,0,1,0,0,0,0,0,0,0,0,0,0,0,0,0,0,0,0,0
layingpipeie,0,1,0,0,0,0,0,0,0,0,0,0,0,0,0,0,0,0,0
11AliveNews,0,5,0,0,0,0,0,0,0,0,0,0,0,0,0,0,0,0,0
goodwyne,0,1,0,0,0,0,0,0,0,0,0,0,0,0,0,0,0,0,0
MBraves,0,1,0,0,0,0,0,0,0,0,0,0,0,0,0,0,0,0,0
StarvingMet,0,16,6,0,0,0,0,2,0,0,0,4,0,0,0,9,0,0,0
Scooter313,0,3,0,0,0,0,0,0,0,0,0,0,0,0,0,0,0,0,0
channel1atlanta,0,2,0,0,0,0,0,0,0,0,0,0,0,0,0,0,0,0,0
jaykelly26,0,2,0,0,0,0,0,0,0,0,0,0,0,0,0,0,0,0,0
colonialdude,0,4,0,0,0,0,0,0,0,0,0,0,0,0,0,0,0,0,0
3XT1,0,2,0,0,0,0,0,0,0,0,0,0,0,0,0,0,0,0,0
DebbieJBrown,0,2,0,0,0,0,0,0,0,0,0,0,0,0,0,0,0,0,0
Cheaptarts,0,2,0,0,0,0,0,0,0,0,0,0,0,0,0,0,0,0,0
AHopeGoodwin86,0,2,0,0,0,0,0,0,0,0,0,0,0,0,0,0,0,0,0
evilgeneral4,2,4,0,0,0,0,0,0,0,0,2,0,0,0,2,0,0,0,0
PSummerhawk,0,4,0,0,0,0,0,0,0,0,0,0,0,0,0,0,0,0,0
ruisaldanha,0,2,0,0,0,0,0,0,0,0,0,0,0,0,0,0,0,0,0
CDCReady,0,2,0,0,0,0,0,0,0,0,0,0,0,0,0,0,0,0,0
oParasiteSingle,0,2,0,0,0,0,0,0,0,0,0,0,0,0,0,0,0,0,0
theweatherangle,2,6,6,0,0,0,0,0,0,0,0,0,0,0,0,0,0,0,2
CherylLyme,0,2,0,0,0,0,0,0,0,0,0,0,0,0,0,0,0,0,0
JCMcCormick1,0,2,0,0,0,0,0,0,0,0,0,0,0,0,0,0,0,0,0
Av8rdan,0,2,0,0,0,0,0,0,0,0,0,0,0,0,0,0,0,0,0
JiggaJerm,0,2,0,0,0,0,0,0,0,0,0,0,0,0,0,0,0,0,0
MikeWright101,2,2,0,0,0,0,0,0,0,0,2,0,0,0,2,0,0,0,0
jentrey44,0,2,0,0,0,0,0,0,0,0,0,0,0,0,0,0,0,0,0
reedtimmerTVN,0,2,0,0,0,0,0,0,0,0,0,0,0,0,0,0,0,0,0
united,2,2,0,0,0,0,0,0,0,0,0,0,0,0,0,0,0,0,0
NickLiljaWx,0,2,0,0,0,0,0,0,0,0,0,0,0,0,0,0,0,0,0
nsc2848,0,2,0,0,0,0,0,0,0,0,0,0,0,0,0,0,0,0,0
MadtownPreppers,0,2,0,0,0,0,0,0,0,0,0,0,0,0,0,0,0,0,0
BlizzardPeople,2,6,0,0,0,0,0,0,0,0,0,0,0,0,0,0,0,0,0
jeffanderson111,0,2,0,0,0,0,0,0,0,0,0,0,0,0,0,0,0,0,0
JohnRossiVG,0,2,0,0,0,0,0,0,0,0,0,0,0,0,0,0,0,0,0
FiskCG,0,2,0,0,0,0,0,0,0,0,0,0,0,0,0,0,0,0,0
edmontonwxab,0,16,0,2,0,0,0,0,0,2,0,0,0,0,0,0,0,0,0
Red_Sox_Fan777,0,1,0,0,0,0,0,0,0,0,0,0,0,0,0,0,0,0,0
AmberSullins,0,1,0,0,0,0,0,0,0,0,0,0,0,0,0,0,0,0,0
RussPaulsen,0,1,0,0,0,0,0,0,0,0,0,0,0,0,0,0,0,0,0
k0emt,0,1,0,0,0,0,0,0,0,0,0,0,0,0,0,0,0,0,0
hrbrmstr,0,3,0,0,0,0,0,0,0,0,0,0,0,0,0,0,0,0,0
tomkups,0,1,0,0,0,0,0,0,0,0,0,0,0,0,0,0,0,0,0
Kathrynjustice0,0,1,0,0,0,0,0,0,0,0,0,0,0,0,0,0,0,0,0
EVAN007onTV,0,2,0,0,0,0,0,0,0,0,0,0,0,0,0,0,0,0,0
WLNS,0,2,0,0,0,0,0,0,0,0,0,0,0,0,0,0,0,0,0
brittanygray1,0,5,0,0,0,0,0,0,0,0,0,0,0,0,0,0,0,0,0
MichaelFox43,0,2,2,0,0,0,0,0,0,0,0,0,0,0,0,0,0,0,0
ChrisOrrCCM,0,12,0,0,0,8,0,0,0,0,0,0,0,0,0,0,0,0,0
MunrosTravel,2,2,0,0,0,0,0,0,0,0,0,0,0,0,0,0,0,0,0
fordgal4ever,0,2,0,0,0,0,0,0,0,0,0,0,0,0,0,0,0,0,0
TheHazeFMCA,0,2,0,0,0,0,0,0,0,0,0,0,0,0,0,0,0,0,0
Mississauga411,0,2,0,0,0,0,0,0,0,0,0,0,0,0,0,0,0,0,0
ATGMedia411,0,2,0,0,0,0,0,0,0,0,0,0,0,0,0,0,0,0,0
FirstNewsGTA,0,31,18,0,0,0,0,0,0,0,0,4,0,4,0,0,0,0,0
NicDiLullo,0,3,0,0,0,0,0,0,0,0,0,0,0,0,0,0,0,0,0
StormBriefings,0,14,0,0,0,8,0,0,0,0,0,0,0,0,0,0,0,0,2
asharatheauthor,4,4,0,0,0,0,0,0,0,0,0,0,0,0,0,0,0,0,0
OrrCast,0,14,0,0,0,8,0,0,0,0,0,0,0,0,0,0,0,0,2
wxkristin,0,2,0,0,0,0,0,0,0,0,0,0,0,0,0,0,0,0,0
johncolucci,0,2,0,0,0,0,0,0,0,0,0,0,0,0,0,0,0,0,0
scientwest,2,2,0,0,0,0,0,0,0,0,0,0,0,0,0,0,0,0,0
ErinWx14,4,4,0,0,0,0,0,0,0,0,0,0,0,0,2,0,0,0,0
pfmgmt,0,1,0,0,0,0,0,0,0,0,0,0,0,0,0,0,0,0,0
SurfingChaos,2,4,0,0,0,0,0,0,0,0,0,0,0,0,0,0,0,0,0
Zak_NYCMetroWx,0,2,0,0,0,0,0,0,0,0,0,0,0,0,0,0,0,0,0
WeatherFreak21,0,2,0,0,0,0,0,0,0,0,0,0,0,0,0,0,0,0,0
Innovativecomp,0,2,2,0,0,0,0,0,0,0,0,0,0,0,0,0,0,0,0
ABQWX,0,2,0,0,0,0,0,0,0,0,0,0,0,0,0,0,0,0,0
TheTadDaddy,0,2,0,0,0,0,0,0,0,0,0,0,0,0,0,0,0,0,0
Ginger__Brooks,6,12,2,4,0,0,2,0,0,0,0,0,0,0,0,0,0,0,0
LMartinHansen,0,2,0,0,0,0,0,0,0,0,0,0,0,0,0,0,0,0,0
slicknick52,0,2,2,0,0,0,0,0,0,0,0,0,0,0,0,0,0,0,0
emokidsloveme,0,2,0,0,0,0,0,0,0,0,0,0,0,0,0,0,0,0,0
JohnAhrens9,0,2,0,0,0,0,2,0,0,0,0,0,0,0,0,0,0,0,0
CPHOEP,0,1,0,0,0,0,0,0,0,0,0,0,0,0,0,0,0,0,0
MLKstudios,0,1,0,0,0,0,0,0,0,0,0,0,0,0,0,0,0,0,0
MtnRA,2,2,0,0,0,0,0,0,0,0,0,0,0,0,0,0,0,0,0
wlfpack81,0,4,2,1,0,0,0,0,0,0,0,0,0,0,0,0,0,0,0
melbo9,0,2,0,0,0,0,0,0,0,0,0,0,0,0,0,0,0,0,0
twittenup,0,2,0,0,0,0,0,0,0,0,0,0,0,0,0,0,0,0,0
Aline_Carr,2,4,0,0,2,0,0,0,0,0,0,0,0,0,0,0,0,2,0
photom8kr,0,2,0,0,0,0,0,0,0,0,0,0,0,0,0,0,0,0,0
CherryBoy_1_Sav,0,2,0,0,0,0,0,0,0,0,0,0,0,0,0,0,0,0,0
Eshlah,0,2,0,0,2,0,0,0,0,0,0,0,0,0,0,0,0,0,0
Peaceful_intent,1,3,0,0,2,0,0,1,0,0,0,0,0,0,0,0,0,0,0
210IQMongo,0,2,0,0,0,0,0,0,0,0,0,0,0,0,0,0,0,0,0
UKSnowFeed,0,2,0,0,0,0,0,0,0,0,0,0,0,0,0,0,0,0,0
NationalEAS,0,2,0,0,0,0,0,0,0,0,0,0,0,0,0,0,0,0,0
JW61589,0,2,0,0,0,0,0,0,0,0,0,0,0,0,0,0,0,0,0
JNW218,0,2,0,0,0,0,0,0,0,0,0,0,0,0,0,0,0,0,0
SurvivalDriven,0,2,0,0,0,0,0,0,0,0,0,0,0,0,0,0,0,0,0
SurvivalWire,0,2,2,0,0,0,0,0,0,0,0,0,0,0,0,0,0,0,0
Wx_Mississauga,0,2,0,0,0,0,0,0,0,0,0,0,0,0,0,0,0,0,0
ElyBahiana,0,2,2,0,0,0,0,0,0,0,0,0,0,0,0,0,0,0,0
MidtownCourt,0,2,2,0,0,0,0,0,0,0,0,0,0,0,0,0,0,0,0
Henry861988,0,2,2,0,0,0,0,0,0,0,0,0,0,0,0,0,0,0,0
AtmosNews,0,2,2,0,0,0,0,0,0,0,0,0,0,0,0,0,0,0,0
DHSgov,0,3,3,0,0,0,0,0,0,0,0,0,0,0,0,0,0,0,0
LLIS,2,2,0,0,0,0,0,0,0,0,0,0,0,0,0,0,0,0,0
kirstinj131,0,3,0,0,0,0,0,0,0,0,0,0,0,0,0,0,0,0,0
getmeoutnews,5,6,0,0,0,0,0,3,0,0,0,0,1,0,0,0,0,2,0
sct_r,1,3,0,0,0,0,0,0,0,0,0,0,0,0,0,0,0,0,0
Chris_Frailey,0,2,0,0,0,0,0,0,0,0,0,0,0,0,0,0,0,0,0
SouthernRedRose,0,2,0,0,0,0,0,0,0,0,0,0,0,0,0,0,0,0,0
g1159bw,0,2,0,0,0,0,0,0,0,0,0,0,0,0,0,0,0,0,0
9dognight,4,6,4,0,0,0,0,0,0,0,0,0,0,0,0,0,0,0,0
AnaheimCERT,0,2,0,0,0,0,0,0,0,0,0,0,0,0,0,0,0,0,0
davidleegeorge,0,2,0,0,0,0,0,0,0,0,0,0,0,0,0,0,0,0,2
abqDean,2,2,0,0,0,0,0,0,0,0,0,0,0,0,0,0,0,0,0
katherinegill,0,6,0,0,0,0,0,0,0,0,0,0,0,0,0,0,0,0,0
onthesafeside,0,2,0,0,0,0,0,0,0,0,0,0,0,0,0,0,0,0,0
WXCI,0,2,0,0,0,0,0,0,0,0,0,0,0,0,0,0,0,0,0
flyingwithfish,2,4,2,0,0,2,0,0,0,0,0,0,0,0,2,0,0,0,0
StormPins,2,2,0,0,0,0,0,0,0,0,0,0,0,0,0,0,0,0,0
mkiv2l,0,2,0,0,0,0,0,0,0,0,0,0,0,0,0,0,0,0,0
svsports,2,2,0,2,0,0,0,0,0,0,0,0,0,0,0,0,0,0,0
vaughanweather,0,5,0,0,0,0,0,0,0,0,0,0,0,0,0,0,0,0,0
Wonam6,2,2,0,0,0,0,0,0,0,0,0,0,0,0,0,0,0,0,0
MYSAVVYTRAVELER,0,2,0,0,2,0,0,0,0,0,0,0,0,0,0,0,0,0,0
Metro_DK,0,2,0,0,0,0,0,0,0,0,0,0,0,0,0,0,0,0,0
SUNAllisonSalz,0,2,2,0,0,0,0,0,0,0,0,0,0,0,0,0,0,0,0
BarbieJeepGrl89,0,1,1,0,0,0,0,0,0,0,0,0,0,0,0,0,0,0,0
paul_johnson78,0,1,0,0,0,0,0,0,0,0,0,0,0,0,0,0,0,0,0
sunshinesteve,0,1,0,0,0,0,0,0,0,0,0,0,0,0,0,0,0,0,0
WeatherKait,0,1,0,0,0,0,0,0,0,0,0,0,0,0,0,0,0,0,0
Velvet_Hall,2,2,0,0,0,0,0,0,0,0,0,0,0,0,0,0,0,0,0
buell003,0,2,0,0,2,0,0,0,0,0,0,0,0,0,0,0,0,0,0
NancyJustNancy,2,2,0,0,0,0,0,0,0,0,0,0,0,0,0,0,0,0,0
Sukkoi47,0,2,0,0,0,0,0,0,0,0,0,0,0,0,0,0,0,0,0
vzangardi,0,2,0,0,0,0,0,0,0,0,0,0,0,0,0,0,0,0,0
blackrvn,0,2,0,0,0,0,0,0,0,0,0,0,0,0,0,0,0,0,0
Tarantino4me,0,7,0,0,0,0,0,0,0,0,0,0,0,0,0,0,0,0,0
truck6alpha,0,2,0,0,0,0,0,0,0,0,0,0,0,0,0,0,0,0,0
NortheasternMRC,0,2,0,0,0,0,0,0,0,0,0,0,0,0,0,0,0,0,0
KATSports,0,2,0,0,0,0,0,0,0,0,0,0,0,0,0,0,0,0,0
mtromero,0,2,0,0,0,0,0,0,0,0,0,0,0,0,0,0,0,0,0
slvrfnx,0,2,0,0,0,0,0,0,0,0,0,0,0,0,0,0,0,0,0
kevinmontalto,0,2,0,0,0,0,0,0,0,0,0,0,0,0,0,0,0,0,0
DISASTER911UT,0,2,0,0,0,0,0,0,0,0,0,0,0,0,0,0,0,0,0
QuitmanStephens,0,2,0,0,0,0,0,0,0,0,0,0,0,0,0,0,0,0,0
PHEgov,0,2,0,0,0,0,0,0,0,0,0,0,0,0,0,0,0,0,0
LauraPaskus,0,2,0,0,0,0,0,0,0,0,0,0,0,0,0,0,0,0,0
Bewickwren,2,3,0,0,0,0,0,1,0,0,0,0,1,0,0,0,0,0,0
RobSnowhite,0,2,0,0,0,0,0,0,0,0,0,0,0,0,0,0,0,0,0
itsacarolyn,0,2,0,0,0,0,0,0,0,0,0,0,0,0,0,0,0,0,0
Captaincarter22,0,2,0,0,0,0,0,0,0,0,0,0,0,0,0,0,0,0,0
_discern,0,2,0,0,0,0,0,0,0,2,0,0,0,0,0,0,0,0,0
TunnelmanJoe,0,2,0,0,0,0,0,0,0,0,0,0,0,0,0,0,0,0,0
ninetyniners,1,4,0,0,2,0,0,1,0,0,0,0,0,0,0,0,0,0,0
Flores_Occupy,0,2,0,0,0,0,0,0,0,0,0,0,0,0,0,0,0,0,0
WisconsinStrong,0,2,0,0,0,0,0,0,0,0,0,0,0,0,0,0,0,0,0
LOrion,0,2,0,0,0,0,0,0,0,0,0,0,0,0,0,0,0,0,0
KPRCLocal2,0,1,0,0,0,0,0,0,0,0,0,0,0,0,0,0,0,0,0
CRSTempHousing,0,1,1,0,0,0,0,0,0,0,0,0,0,0,0,0,0,0,0
sarann,0,1,0,0,0,0,0,0,0,0,0,0,0,0,0,0,0,0,0
StopPests,2,2,0,0,0,0,0,0,0,0,0,0,0,0,0,0,0,0,0
DarraghatWTKR,0,4,0,0,0,0,0,0,0,0,0,0,0,0,0,0,0,0,0
MattHardigree,0,2,0,0,0,0,0,0,0,0,0,0,0,0,0,0,0,0,0
awpiii,0,2,0,0,0,0,0,0,0,0,0,0,0,0,0,0,0,0,0
CNorvold,0,2,0,0,0,0,0,0,0,0,0,0,0,0,0,0,0,0,0
CrystallEyezd,0,2,0,0,0,0,0,0,0,0,0,0,0,0,0,0,0,0,0
Macsleuth,0,2,0,0,0,0,0,0,0,0,0,0,0,0,0,0,0,0,0
AnthonyFarnell,0,2,0,0,0,0,0,0,0,0,0,0,0,0,0,0,0,0,0
OntarioHazards,0,2,0,0,0,0,0,0,0,0,0,0,0,0,0,0,0,0,0
1_tjw,0,2,0,0,0,0,0,0,0,0,0,0,0,0,0,0,0,0,0
todfoxnet,0,2,0,0,0,0,0,0,0,0,0,0,0,0,0,0,0,0,0
aglaia781,2,2,0,0,0,0,0,0,0,0,0,0,0,0,0,0,0,0,0
IrishRedSox77,2,2,0,0,0,0,0,0,0,0,0,0,0,0,0,0,0,0,0
ElizabethWJXT4,0,2,0,0,0,0,2,0,0,0,0,0,0,0,0,0,0,0,0
samkille,0,2,0,0,0,0,0,0,0,0,0,0,0,0,0,0,0,0,0
hismerecry,0,2,0,0,0,0,0,0,0,0,0,0,0,0,0,0,0,0,0
iamjessicaallen,0,2,0,0,0,0,0,0,0,0,0,0,0,2,0,0,0,0,0
Op0Jerk,0,1,0,0,0,0,0,0,0,0,0,0,0,0,0,0,0,0,0
anthonyfitch,0,1,0,0,0,0,0,0,0,0,0,0,0,0,0,0,0,0,0
isotherm5,0,1,0,0,0,0,0,0,0,0,0,0,0,0,0,0,0,0,0
tlavoie,0,1,0,0,0,0,0,0,0,0,0,0,0,0,0,0,0,0,0
_TOREEZY_,0,1,0,0,0,0,0,0,0,0,0,0,0,0,0,0,0,0,0
fabiux,0,2,0,0,0,0,0,0,0,0,0,0,0,0,0,0,0,0,0
Terry24681865,0,1,0,0,0,0,0,0,0,0,0,0,0,0,0,0,0,0,0
scubatim3,0,1,0,0,0,0,0,0,0,0,0,0,0,0,0,0,0,0,0
kaylynnvargas,0,1,0,0,0,0,0,0,0,0,0,0,0,0,0,0,0,0,0
lissaamariie,0,1,0,0,0,0,0,0,0,0,0,0,0,0,0,0,0,0,0
Willdobbs,0,1,0,0,0,0,0,0,0,0,0,0,0,1,0,0,0,0,0
IamNewsbroad,0,1,0,0,0,0,0,0,0,0,0,0,0,0,0,0,0,0,0
BonnieLRhodes,0,2,0,0,0,0,0,0,0,0,0,0,0,0,0,0,0,0,0
mlukini1,0,1,0,0,0,0,0,0,0,0,0,0,0,0,0,0,0,0,0
StormForce_1,0,2,2,0,0,0,0,0,0,0,2,0,2,0,2,0,0,0,2
ing_tomaslopez,0,2,0,0,0,0,0,0,0,0,0,0,0,0,0,0,0,0,0
1catherinesiena,0,2,0,2,0,0,0,0,0,0,2,2,2,0,0,0,0,0,0
rlbaldwinartist,1,2,0,2,0,0,0,1,0,0,2,2,2,0,0,0,0,0,0
katsniffen,0,2,0,0,0,0,0,0,0,0,0,0,0,0,0,0,0,0,0
BrodieMack1117,2,2,0,0,0,0,0,0,0,0,0,0,0,0,0,0,0,0,0
michaelpie,2,2,0,0,0,0,0,0,0,0,0,0,0,0,0,0,0,0,0
newsbreaker,2,2,0,0,0,0,0,0,0,0,0,0,0,0,0,0,0,0,0
gunrunr556,2,2,0,0,2,0,2,0,0,0,0,0,0,0,0,0,0,0,0
KMGrubbsWVU,0,3,0,0,3,0,0,0,0,0,0,3,0,0,0,0,0,0,0
CatholicMomVA,2,2,2,0,0,0,0,0,0,0,0,0,0,0,0,0,0,0,0
katynell,0,6,0,0,0,0,0,0,0,0,0,0,0,0,0,0,0,0,0
AnnaGiannini,0,4,0,0,0,0,0,0,0,0,0,0,0,0,0,0,0,0,0
GregAkagi,0,8,0,0,0,0,0,0,0,0,0,0,0,0,0,0,0,0,0
tv_dog_lover,0,2,0,0,0,0,0,0,0,0,0,0,0,0,0,0,0,0,0
kritikal,0,2,0,0,0,0,0,0,0,0,0,0,0,0,0,0,0,0,0
LSFProgram,2,2,0,0,0,0,0,0,0,0,0,0,0,0,0,0,0,0,0
ROCify,2,2,0,0,0,0,0,0,0,0,0,0,0,0,0,0,0,0,0
soccer_jude,2,2,0,0,0,0,0,0,0,0,0,0,0,0,0,0,0,0,0
thesiloteam,0,4,0,0,0,0,0,0,0,0,0,0,0,0,0,0,0,0,0
TV_Agent,0,2,0,0,0,0,0,0,0,0,0,0,0,0,0,0,0,0,0
copugluver,2,2,2,0,0,0,0,0,0,0,0,0,0,0,0,0,0,0,0
SoCalMtns,0,2,0,0,0,0,0,0,0,0,0,0,0,0,0,0,0,0,0
kaylejh,0,2,0,0,0,0,0,0,0,0,0,0,0,0,0,0,0,0,0
k_bayybay,0,2,0,0,0,0,0,0,0,0,0,0,0,0,0,0,0,0,0
ageekmom,2,2,2,0,0,0,0,0,0,0,0,0,0,0,0,0,0,0,0
CBPMidAtlantic,0,2,0,0,0,0,0,0,0,0,0,0,0,0,0,0,0,0,0
jessicarnewman,0,2,2,0,0,0,0,0,0,0,0,0,0,0,0,0,0,0,0
AngelaSL813,0,2,0,0,0,0,0,0,0,0,0,0,0,0,0,0,0,0,0
Zthomas12,2,2,2,2,0,0,0,0,2,0,0,0,0,0,0,0,0,0,0
ElsieMazy,0,1,0,0,0,0,0,0,0,0,0,0,0,0,0,0,0,0,0
ahrcanum,0,1,0,0,0,0,0,0,0,0,0,0,0,0,0,0,0,0,0
Wary12,0,1,0,0,0,0,0,0,0,0,0,0,0,0,0,0,0,0,0
CoCoRaHS,0,1,0,0,0,0,0,0,0,0,0,0,0,0,0,0,0,0,0
ShelleyVollmar,0,1,1,0,0,0,0,0,0,0,0,0,0,0,0,0,0,0,0
hamradioskywave,0,1,0,0,0,0,0,0,0,0,0,0,0,0,0,0,0,0,0
JayStewart711,0,1,0,0,0,0,0,0,0,0,0,0,0,0,0,0,0,0,0
TimBoknecht,0,1,0,0,0,0,0,0,0,0,0,0,0,0,0,0,0,0,0
kempossible,0,1,0,0,0,0,0,0,0,0,0,0,0,0,0,0,0,1,0
NOAAResearch,0,1,0,0,0,0,0,0,0,0,0,0,0,0,0,0,0,0,0
marlenan21,0,1,0,0,0,0,0,0,0,0,0,0,0,0,0,0,0,0,0
LtlRedX,0,3,0,1,0,0,0,0,0,0,0,0,0,0,0,0,0,0,0
tracesofjupiter,0,2,0,0,0,0,0,0,0,0,0,0,0,0,0,0,0,0,0
Haikeyyy,0,1,0,0,0,0,0,0,0,0,0,0,0,0,0,0,0,0,0
DRoseTV,0,1,0,0,0,0,0,0,0,0,0,0,0,0,0,0,0,0,0
NWSTucson,0,1,1,0,0,0,0,0,0,0,0,0,0,0,0,0,0,0,0
dancinghorse,0,1,0,0,0,0,0,0,0,0,0,0,0,0,0,0,0,0,0
Killishred,0,1,0,0,0,0,0,0,0,0,0,0,0,0,0,0,0,0,0
BeGreenAuto,0,1,0,1,0,0,0,0,0,0,0,0,0,0,0,0,0,0,0
thams,0,1,0,0,0,0,0,0,0,0,0,0,0,0,0,0,0,0,0
Occupied_Air,0,1,0,0,0,0,0,0,0,0,0,0,0,0,0,0,0,0,0
TheBuzzMon,0,1,0,0,0,0,0,0,0,0,0,0,0,0,0,0,0,0,0
viequesbound,0,1,0,0,0,0,0,1,0,0,0,0,1,0,0,0,0,0,0
joethetvguykrdo,0,1,0,0,0,0,0,0,0,0,0,0,0,0,0,0,0,0,0
WayneDBJr,0,2,0,0,0,0,0,2,0,0,0,0,2,0,0,0,0,0,0
ledford68,0,1,0,0,0,0,0,0,0,0,0,0,0,0,0,0,0,0,0
NSSL,0,1,0,0,0,0,0,0,0,0,0,0,0,0,0,0,0,0,0
amberMMA,0,2,0,0,0,0,0,0,0,0,0,0,0,0,0,0,0,0,0
StevenBoutelle,0,1,1,0,0,0,0,0,0,0,0,0,0,0,0,0,0,0,0
theIICRC,0,1,1,0,0,0,0,0,0,0,0,0,0,0,0,0,0,0,0
CBPNewYorkCity,0,1,1,0,0,0,0,0,0,0,0,0,0,0,0,0,0,0,0
fema,0,1,1,0,0,0,0,0,0,0,0,0,0,0,0,0,0,0,0
PublicSafetyUSA,0,1,1,0,0,0,0,0,0,0,0,0,0,0,0,0,0,0,0
spaceinvad0r,0,1,1,0,0,0,0,0,0,0,0,0,0,0,0,0,0,0,0
CAI10thm,0,1,1,0,0,0,0,0,0,0,0,0,0,0,0,0,0,1,0
LilGypsyOne,0,1,1,0,0,0,0,0,0,0,0,0,0,0,0,0,0,0,0
CAI40thm,0,1,1,0,0,0,0,0,0,0,0,0,0,0,0,0,0,1,0
CAI15thm,0,1,1,0,0,0,0,0,0,0,0,0,0,0,0,0,0,1,0
LuisAndresNieto,0,1,1,0,0,0,0,0,0,0,0,0,0,0,0,0,0,0,0
CAI5thm,0,1,1,0,0,0,0,0,0,0,0,0,0,0,0,0,0,1,0
CAI80thm,0,1,1,0,0,0,0,0,0,0,0,0,0,0,0,0,0,1,0
marymendola,0,1,1,0,0,0,0,0,0,0,0,0,0,0,0,0,0,0,0
CalEMA,0,1,1,0,0,0,0,0,0,0,0,0,0,0,0,0,0,1,0
AllFLRest,0,1,0,0,0,0,0,0,0,0,0,0,0,0,0,0,0,0,0
thelibra,0,1,0,0,0,0,0,0,0,0,0,0,0,0,0,0,0,0,0
toastido,0,1,0,0,0,0,0,0,0,0,0,0,0,0,0,0,0,0,0
peed_in_pants62,0,1,0,0,0,0,0,0,0,0,0,0,0,0,0,0,0,0,0
cydnico01,0,1,0,0,0,0,0,0,0,0,0,0,0,0,0,0,0,0,0
TWCNate,0,1,0,0,0,0,0,0,0,0,0,0,0,0,0,0,0,0,0
JMOKC,0,2,0,1,0,0,0,0,0,0,0,0,0,0,0,0,0,0,0
DevonHeinen,0,2,0,0,0,0,0,0,0,0,0,0,0,0,2,0,0,0,0
KMCANDERSON,0,2,0,0,0,0,0,0,0,0,0,0,0,0,0,0,0,0,0
Academy911,1,2,0,0,0,0,0,1,0,0,0,0,0,0,0,0,0,0,0
Sonnische,0,2,0,0,0,0,0,0,0,0,0,0,0,0,0,0,0,0,0
JackHowland,0,2,0,0,0,0,0,0,0,0,0,0,0,0,0,0,0,0,0
JeremyHL,0,2,0,0,0,0,0,0,0,0,0,0,0,0,0,0,0,0,0
LowCloud9,0,2,0,0,0,0,0,0,0,0,0,0,0,0,0,0,0,0,0
CaliLiliIndies,0,2,0,0,0,0,0,0,0,0,0,0,0,0,0,0,0,0,0
IrisABC15,0,2,0,0,0,0,0,0,0,0,0,0,0,0,0,0,0,0,0
DeweyWx,0,2,0,0,0,0,0,0,0,0,0,0,0,0,0,0,0,0,0
emgis,0,2,0,0,0,0,0,0,0,0,0,0,0,0,0,0,0,0,0
Lyndsay_CTV,0,2,0,0,0,0,0,0,0,0,0,0,0,0,0,0,0,0,0
girlnigel,0,2,0,0,0,0,0,0,0,0,0,0,0,0,0,0,0,0,0
ChuckGysi,0,2,2,0,0,0,0,0,0,0,0,0,0,0,0,0,0,0,0
sarahjcollie,0,2,0,0,0,0,0,0,0,0,0,0,0,0,0,0,0,0,0
OccuSafe,0,2,0,0,0,0,0,0,0,0,0,0,0,0,0,0,0,0,0
lindamomgigi,2,2,0,0,0,0,0,0,0,0,0,0,0,0,0,0,0,0,0
rpwpb,0,2,0,0,0,0,0,0,0,0,0,0,0,0,0,0,0,0,0
PKLoffreda,0,1,0,0,0,0,0,0,0,0,0,0,0,0,0,0,0,0,0
Helicity300,0,1,0,0,0,0,0,0,0,0,0,0,0,0,0,0,0,0,0
da_real_trey_mo,0,1,0,0,0,0,0,0,0,0,0,0,0,0,0,0,0,0,0
jaymcannally,0,1,0,0,0,0,0,0,0,0,0,0,0,0,0,0,0,0,0
yourpositiveNRG,0,1,0,0,0,0,0,0,0,0,0,0,0,0,0,0,0,0,0
arcanjocesar,0,2,0,0,0,0,0,0,0,0,0,0,0,0,0,0,0,0,0
hisson1,0,1,0,0,0,0,0,0,0,0,0,0,0,0,0,0,0,0,0
DDwx,0,1,0,0,0,0,0,0,0,0,0,0,0,0,0,0,0,0,0
RealNeerings,0,1,0,0,0,0,0,0,0,0,0,0,0,0,0,0,0,0,0
weathersnap,0,1,0,0,0,0,0,1,0,0,0,0,0,0,0,0,0,0,0
salarmyalm,0,1,0,1,0,0,0,0,0,0,0,0,0,0,0,0,0,0,0
MastaMp3,0,1,0,0,0,0,0,0,0,0,0,0,0,0,0,0,0,0,0
elchitwood,0,1,0,0,0,0,0,0,0,0,0,0,0,0,0,0,0,0,0
CMV420,0,1,1,0,0,0,0,0,0,0,0,0,0,0,0,0,0,0,0
LaPosadaGVAZ,0,2,0,0,0,0,0,0,0,0,0,0,0,0,0,0,0,0,0
DerrickGuin,0,1,0,0,0,0,0,0,0,0,0,0,0,0,0,0,0,0,0
northeast_jones,0,1,0,0,0,0,0,0,0,0,0,0,0,0,0,0,0,0,0
agalas13,0,1,0,0,0,0,0,0,0,0,0,0,0,0,0,0,0,0,0
jak_nlauren,0,1,0,0,0,0,0,0,0,0,0,0,0,0,0,0,0,0,0
adam_zander,0,1,0,0,0,0,0,0,0,0,0,0,0,0,0,0,0,0,0
CoyoteGulch,0,1,0,0,0,0,0,0,0,0,0,0,0,0,0,0,0,0,0
nhruby2,0,1,0,0,0,0,0,0,0,0,0,0,0,0,0,0,0,0,0
yidwithlid,0,1,0,0,0,0,0,0,0,0,0,0,0,0,0,0,0,0,0
warmingtozero,0,1,0,0,0,0,0,0,0,0,0,0,0,0,0,0,0,0,0
netminnow,0,1,0,0,0,0,0,0,0,0,0,0,0,0,0,0,0,0,0
queen_bitch_cg,0,1,0,0,0,0,0,0,0,0,0,0,0,0,0,0,0,0,0
SnakeBit4Az,0,1,1,0,0,0,0,0,0,0,0,0,0,0,0,0,0,0,0
rw8437,0,1,0,0,0,0,0,0,0,0,0,0,0,0,0,0,0,0,0
AMSEducation,1,1,1,0,0,0,0,0,0,0,0,0,0,0,0,0,0,0,0
whec_nrudd,0,1,0,0,0,0,0,0,0,0,0,0,0,0,0,0,0,0,0
danagolub,0,1,0,0,0,0,0,0,0,0,0,0,0,0,0,0,0,0,0
nescdem,0,1,0,0,0,0,0,0,0,0,0,0,0,0,0,0,0,0,0
BanjoJones,0,1,0,0,0,0,0,0,0,0,0,0,0,0,0,0,0,0,0
mipsen8,0,1,0,0,0,0,0,0,0,0,0,0,0,0,0,0,0,0,0
legendorga,1,0,1,0,0,0,0,0,0,0,0,0,0,0,0,0,0,0,0
JimAleski,3,0,0,0,0,0,0,0,0,0,0,0,0,0,0,0,0,0,0
ruhanirabin,0,0,0,0,0,2,0,0,0,0,0,0,0,0,0,0,0,0,0
linchikwok,0,0,0,0,0,1,0,0,0,0,0,0,0,0,0,0,0,0,0
GaryHyman,0,0,0,0,0,0,0,0,0,0,0,0,0,1,0,0,0,0,0
Tripsetc,0,0,0,0,0,3,0,0,0,0,0,0,0,0,0,0,0,0,0
danaguro,0,0,0,0,0,2,0,0,0,0,0,0,0,0,0,0,0,0,0
katestarbird,2,0,0,0,0,0,0,0,0,0,0,0,0,0,0,0,0,0,0
DanNieves,2,0,0,0,0,0,0,0,0,0,0,0,0,0,0,0,0,0,0
SunnyC,1,0,0,0,0,0,0,0,0,0,0,0,0,0,0,0,0,0,0
Ifyouseekayee,0,0,0,0,0,0,0,0,0,0,0,0,1,0,0,0,0,0,0
RobIsntScared,0,0,1,0,0,0,0,0,0,0,0,0,0,0,0,0,0,0,0
HTOMpaola,0,0,0,0,0,1,0,0,0,0,0,0,0,0,0,0,0,0,0
AnnTran_,0,0,0,0,0,1,0,0,0,0,0,0,0,0,0,0,0,0,0
RDWGroup,1,0,0,0,0,0,0,0,0,0,0,0,0,0,0,0,0,0,0
sam_from_london,2,0,0,0,0,0,0,0,0,0,0,0,0,0,0,0,0,0,0
CaribbeanInfo,0,0,0,0,0,1,0,0,0,0,0,0,0,0,0,0,0,0,0
chelelephant,0,0,0,1,0,0,0,0,0,0,0,0,0,0,0,0,0,0,0
ianrbruce,0,0,0,0,0,0,1,0,0,0,0,0,0,0,0,0,0,0,0
mustangzoi,0,0,0,0,0,1,0,0,0,0,0,0,0,0,0,0,0,0,0
gbrunett1,0,0,0,1,0,0,0,0,0,0,0,0,0,0,0,0,0,0,0
distressline,1,0,0,0,0,0,0,0,0,0,0,0,0,0,0,0,0,0,0
Alachua_Co_EM,0,0,0,0,0,0,0,0,5,0,0,0,0,0,0,0,0,0,0
DisasterNet,3,0,0,0,10,0,0,0,0,0,0,7,0,0,0,0,0,0,0
IsiahCareyFOX26,0,0,0,0,0,0,0,0,0,0,0,0,0,0,0,0,0,1,0
HELP_IMT,0,0,0,0,0,0,0,0,0,0,0,0,0,0,0,0,0,1,0
kelly_curryTX,0,2,0,0,0,0,0,0,0,0,0,0,0,0,0,0,0,0,0
RUStrandedMedia,0,0,0,0,0,0,0,0,0,0,0,0,0,0,0,0,0,9,0
kfreberg,1,0,0,0,0,0,0,0,0,0,0,0,0,0,0,0,0,0,0
Kim26stephens,1,0,0,0,0,0,0,0,0,0,0,0,0,0,0,0,0,0,0
cburgessDDH,1,0,0,0,0,0,0,0,0,0,0,0,0,0,0,0,0,0,0
spoedman,1,0,0,1,0,0,0,0,0,0,0,0,0,0,0,0,0,0,0
chMtnViewPD,1,0,0,0,0,0,0,0,0,0,0,0,0,0,0,0,0,0,0
chiefb2,2,0,0,0,0,0,0,0,0,0,0,0,0,0,0,0,0,0,0
EMgrB,1,0,0,0,0,0,0,0,0,0,0,0,0,0,0,0,0,0,0
TheFireTracker2,2,0,0,0,0,0,0,0,0,0,0,0,0,0,0,0,0,0,0
lucbrisebois,3,0,0,0,0,0,0,0,0,0,0,0,0,0,0,0,0,1,0
SMARMIEPoobah,1,0,0,0,1,0,0,0,0,0,0,1,0,0,0,0,0,0,0
BRStdlundorf,1,0,0,0,0,0,0,0,0,0,0,0,0,0,0,0,0,0,0
IntlMediaSol,1,0,0,0,1,0,0,0,0,0,0,1,0,0,0,0,0,0,0
ReginaPhelps,1,0,0,0,0,0,0,0,0,0,0,0,0,0,0,0,0,0,0
MariaLuisaMoreo,0,0,0,0,0,0,0,0,0,0,0,0,0,0,0,0,0,1,0
BeHokieReady,0,0,0,0,0,1,0,0,0,0,0,0,0,0,0,0,0,0,0
CDRP_FSU,1,0,0,0,1,0,0,2,0,0,0,1,1,0,0,0,0,0,0
wesmcall,1,0,0,0,0,0,0,0,0,0,0,0,0,0,0,0,0,0,0
nyvost,1,0,0,0,0,0,0,2,0,0,0,0,1,0,0,0,0,0,0
joannalane,1,0,0,0,0,0,0,2,0,0,0,0,1,0,0,0,0,0,0
ucdjoe,0,0,0,0,0,0,0,0,0,0,0,0,0,0,0,0,0,1,0
ShatzyGoesPro,0,0,0,0,1,0,0,0,0,0,0,1,0,0,0,0,0,0,0
LexKYEM,0,0,0,0,0,0,0,0,1,0,0,0,0,0,0,0,0,0,0
FayetteLEPC,0,0,0,0,0,0,0,0,1,0,0,0,0,0,0,0,0,0,0
JBEOC,0,0,0,0,0,0,0,0,1,0,0,0,0,0,0,0,0,0,0
SpallNCS,0,0,0,0,0,0,0,0,0,0,0,0,0,0,0,0,0,1,0
JanelleJeanne,0,0,0,0,0,0,0,1,0,0,0,0,1,0,0,0,0,0,0
RVAREGal,0,0,0,0,0,0,0,1,0,0,0,0,1,0,0,0,0,0,0
MamaFeenz,0,0,0,0,0,0,0,0,0,0,0,0,0,0,0,0,0,1,0
NYUWagner_WSA,0,0,0,0,2,0,0,0,0,0,0,1,0,0,0,0,0,0,0
ACPNYCMetro,0,0,0,0,2,0,0,0,0,0,0,1,0,0,0,0,0,0,0
OlmstedCOHSEM,0,0,0,0,0,0,0,0,1,0,0,0,0,0,0,0,0,0,0
dadfpem,0,0,0,0,0,0,0,0,5,0,0,0,0,0,0,0,0,0,0
RamFire55,0,0,0,0,0,1,0,0,0,0,0,0,0,0,0,0,0,0,0
Battalion2CERT,0,0,0,0,0,1,0,0,0,0,0,0,0,0,0,0,0,0,0
MFStaley,0,0,0,0,0,1,0,0,0,0,0,0,0,0,0,0,0,0,0
mytwitchimp,0,2,0,0,0,0,0,0,0,0,0,0,0,0,0,0,0,0,0
Hal_Grieb,0,0,0,0,0,0,0,0,8,0,0,0,0,0,0,0,0,0,0
waEMD,0,0,0,0,0,0,0,0,0,0,0,0,0,0,0,0,0,1,0
cronuscollision,0,0,0,0,0,0,0,0,0,0,0,0,0,0,0,0,0,1,0
emfusionllc,1,0,0,0,0,0,0,0,0,0,0,0,0,0,0,0,0,0,0
brianinroma,1,0,0,0,0,0,0,0,0,0,0,0,0,0,0,0,0,0,0
TerryKegin,0,0,0,0,0,0,0,0,1,0,0,0,0,0,0,0,0,0,0
CrisisCommsgirl,0,0,0,0,0,0,0,0,2,0,0,0,0,0,0,0,0,0,0
sonofnels,1,0,0,0,0,0,0,0,0,0,0,0,0,0,0,0,0,0,0
WomeninAV,1,0,0,0,0,0,0,1,0,0,0,0,0,0,0,0,0,0,0
chonabo,1,0,0,0,0,0,0,0,0,0,0,0,0,0,0,0,0,0,0
ITDRC,1,0,0,0,0,0,0,1,0,0,0,0,0,0,0,0,0,0,0
first24hrs,1,0,0,0,0,0,0,0,0,0,0,0,0,0,0,0,0,0,0
GoGreenMedford,1,0,0,0,0,0,0,0,0,0,0,0,0,0,0,0,1,0,0
Alisha_Beth,0,0,0,0,0,0,0,0,1,0,0,0,0,0,0,0,0,0,0
dromeda,1,0,0,0,0,0,0,0,0,0,0,0,0,0,0,0,1,0,0
crfjr12,0,0,0,0,0,0,0,0,0,0,0,0,0,0,0,0,1,0,0
AgawamEM,0,0,0,0,0,0,0,0,0,0,0,0,0,0,0,0,1,0,0
bkdelong,6,0,0,0,0,0,0,0,0,0,0,0,0,0,0,0,6,0,0
GibbyAR,1,0,0,0,0,0,0,0,0,0,0,0,0,0,0,0,0,0,0
epiccolorado,1,0,0,0,0,0,0,0,0,0,0,0,0,0,0,0,1,0,0
curiositykt,1,0,0,0,0,0,0,0,0,0,0,0,0,0,0,0,1,0,0
RyanLanclos,1,0,0,0,0,0,0,0,0,0,0,0,0,0,0,0,0,0,0
DonnaLeeNardo,2,0,0,0,0,0,0,1,0,0,0,0,0,0,0,0,0,0,0
emcampnm,1,0,0,0,0,0,0,1,0,0,0,0,0,0,0,0,0,0,0
pnwvost,1,0,0,0,0,0,0,1,0,0,0,0,0,0,0,0,0,0,0
TheRedElm,1,0,0,0,0,0,0,1,0,0,0,0,0,0,0,0,0,0,0
81Shaw,0,0,0,1,0,0,0,0,0,0,0,0,0,0,0,0,0,0,0
ImRealRoyalty,0,0,0,1,0,0,0,0,0,0,0,0,0,0,0,0,0,0,0
luchoalejocali7,0,0,0,0,1,0,0,0,0,0,0,0,0,0,0,0,0,0,0
DebbyDonnelly,0,0,1,0,1,0,0,0,0,0,0,0,0,0,0,0,0,1,1
artpushr,0,0,0,0,1,0,0,0,0,0,0,0,0,0,0,0,0,0,0
IAMSPonline,0,0,0,0,0,0,0,0,0,0,0,0,0,0,0,0,0,1,0
Dhslisback,0,0,0,0,2,0,0,0,0,0,0,0,0,0,0,0,0,0,0
PreppersNews1,0,0,0,0,0,0,0,0,0,0,0,0,0,0,0,0,0,1,0
Tee_Mac1,0,0,0,0,0,0,0,0,0,0,0,0,1,0,0,0,0,0,0
hall_lindsay,0,0,0,0,0,0,0,0,0,0,0,0,0,0,0,0,0,1,0
MassRegion4b,0,0,0,0,0,0,0,0,0,0,0,0,0,0,0,0,0,0,1
NeilDufty,0,0,0,0,1,0,0,0,0,0,0,0,0,0,0,0,0,0,0
larissaspencer,0,0,0,1,0,0,0,0,0,0,0,0,0,0,0,0,0,0,0
pierread,1,0,0,0,1,0,0,0,1,0,0,0,0,0,0,0,0,0,0
JStormspotter,1,0,0,0,1,0,0,0,1,0,0,0,0,0,0,0,0,0,0
simplynonna,1,0,0,0,1,0,0,0,1,0,0,0,0,0,0,0,0,0,0
brianna888,0,0,0,0,0,0,0,0,0,0,0,0,0,0,0,0,0,1,0
walabytrack,0,0,1,0,0,0,0,0,0,0,0,0,0,0,0,0,0,0,0
Luqmannnnnn,0,0,0,0,0,0,0,0,0,0,1,0,0,0,0,0,0,0,0
Pensil,0,0,1,0,0,0,0,0,0,0,0,0,0,0,0,0,0,0,0
Hugo_Wolff,0,0,1,0,0,0,0,0,0,0,0,0,0,0,0,0,0,0,0
UrbanAreas,0,0,0,0,0,0,0,0,0,0,0,0,0,0,0,0,0,1,0
elainerpittman,0,0,0,0,0,0,0,0,0,0,0,0,0,0,0,0,0,1,0
AllHandsDotNet,0,1,0,0,0,0,0,0,0,0,0,0,0,0,0,0,0,0,0
JG_Audeoud,0,0,1,0,0,0,0,0,0,0,0,0,0,0,0,0,0,0,0
